{
  "urls": [
    "/sounds/platinum.ogg",
    "/sounds/platinum.m4a",
    "/sounds/platinum.mp3",
    "/sounds/platinum.ac3"
  ],
  "sprite": {
    "PlatinumAlertSosumi": [
      0,
      179.6371882086168
    ],
    "PlatinumAlertWildEep": [
      2000,
      137.00680272108823
    ],
    "PlatinumAlertndigo": [
      4000,
      352.31292517006807
    ],
    "PlatinumBeep": [
      6000,
      254.94331065759644
    ],
    "PlatinumBoot": [
      8000,
      1376.4852607709752
    ],
    "PlatinumButtonClickDown": [
      11000,
      1.678004535147437
    ],
    "PlatinumButtonClickUp": [
      13000,
      1.678004535147437
    ],
    "PlatinumInputRadioClickDown": [
      15000,
      46.666666666666856
    ],
    "PlatinumInputRadioClickUp": [
      17000,
      6.666666666667709
    ],
    "PlatinumMenuClose": [
      19000,
      131.67800453514644
    ],
    "PlatinumMenuItemClick": [
      21000,
      140.00000000000057
    ],
    "PlatinumMenuItemHover": [
      23000,
      36.66666666666529
    ],
    "PlatinumMenuOpen": [
      25000,
      135.0113378684803
    ],
    "PlatinumWindowClose": [
      27000,
      135.0113378684803
    ],
    "PlatinumWindowCollapse": [
      29000,
      120.000000000001
    ],
    "PlatinumWindowControlClickDown": [
      31000,
      11.678004535149
    ],
    "PlatinumWindowControlClickUp": [
      33000,
      56.66666666666487
    ],
    "PlatinumWindowExpand": [
      35000,
      235.01133786847817
    ],
    "PlatinumWindowFocus": [
      37000,
      30.000000000001137
    ],
    "PlatinumWindowMoveIdle": [
      39000,
      381.67800453514644
    ],
    "PlatinumWindowMoveMoving": [
      41000,
      853.3333333333317
    ],
    "PlatinumWindowMoveStop": [
      43000,
      200.00000000000284
    ],
    "PlatinumWindowOpen": [
      45000,
      306.66666666666487
    ],
    "PlatinumWindowResizeIdle": [
      47000,
      381.67800453514644
    ],
    "PlatinumWindowResizeResizing": [
      49000,
      873.3333333333348
    ],
    "PlatinumWindowResizeStop": [
      51000,
      306.66666666666487
    ],
    "PlatinumWindowZoomMaximize": [
      53000,
      71.67800453514417
    ],
    "PlatinumWindowZoomMinimize": [
      55000,
      66.66666666666998
    ]
  }
}
